-- ============================================
-- LITTLESEEDMGMT REAL TEST DATA SEED
-- Complete reset and seed with actual school data
-- ============================================

-- ============================================
-- STEP 1: CLEAR EXISTING DATA
-- ============================================

-- Clear in correct order (respecting foreign keys)
TRUNCATE TABLE audit_logs CASCADE;
TRUNCATE TABLE pto_requests CASCADE;
TRUNCATE TABLE shifts CASCADE;
TRUNCATE TABLE attendance CASCADE;
TRUNCATE TABLE students CASCADE;
TRUNCATE TABLE classrooms CASCADE;
TRUNCATE TABLE teachers CASCADE;
TRUNCATE TABLE school_settings CASCADE;
TRUNCATE TABLE schools CASCADE;

-- ============================================
-- STEP 2: INSERT SCHOOLS
-- ============================================

INSERT INTO schools (id, name, address, city, state, zip_code, phone, timezone) VALUES
  ('11111111-1111-1111-1111-111111111111', 'Peter Pan Mariner Square', '2100 Mariner Square Dr', 'Alameda', 'CA', '94501', NULL, 'America/Los_Angeles'),
  ('22222222-2222-2222-2222-222222222222', 'Little Seeds Children''s Center', '2055 Santa Clara Ave', 'Alameda', 'CA', '94501', NULL, 'America/Los_Angeles'),
  ('33333333-3333-3333-3333-333333333333', 'Peter Pan Harbor Bay', '3171 Mecartney Rd', 'Alameda', 'CA', '94502', NULL, 'America/Los_Angeles');

-- ============================================
-- STEP 3: INSERT CLASSROOMS
-- ============================================

-- Peter Pan Mariner Square classrooms
INSERT INTO classrooms (id, school_id, name, age_group, capacity, current_enrollment) VALUES
  ('c1111111-0001-0001-0001-000000000001', '11111111-1111-1111-1111-111111111111', 'Caterpillars (Upstairs Infant)', 'infant', 12, 7),
  ('c1111111-0001-0001-0001-000000000002', '11111111-1111-1111-1111-111111111111', 'Tadpoles (Downstairs Infant)', 'infant', 16, 13),
  ('c1111111-0001-0001-0001-000000000003', '11111111-1111-1111-1111-111111111111', 'Tigers (2 yr)', 'twos', 24, 19),
  ('c1111111-0001-0001-0001-000000000004', '11111111-1111-1111-1111-111111111111', 'Ponies (3yr)', 'threes', 24, 16),
  ('c1111111-0001-0001-0001-000000000005', '11111111-1111-1111-1111-111111111111', 'Soda Pop (4-5 yr)', 'pre_k', 30, 26);

-- Little Seeds Children's Center classrooms
INSERT INTO classrooms (id, school_id, name, age_group, capacity, current_enrollment) VALUES
  ('c2222222-0001-0001-0001-000000000001', '22222222-2222-2222-2222-222222222222', 'Squirrels (1-2 yr)', 'infant', 12, 8),
  ('c2222222-0001-0001-0001-000000000002', '22222222-2222-2222-2222-222222222222', 'Bunnies (2yr)', 'toddler', 16, 13),
  ('c2222222-0001-0001-0001-000000000003', '22222222-2222-2222-2222-222222222222', 'Chipmunks (3yr)', 'threes', 16, 10),
  ('c2222222-0001-0001-0001-000000000004', '22222222-2222-2222-2222-222222222222', 'Bears (4-5 yr)', 'pre_k', 16, 10);

-- Peter Pan Harbor Bay classrooms
INSERT INTO classrooms (id, school_id, name, age_group, capacity, current_enrollment) VALUES
  ('c3333333-0001-0001-0001-000000000001', '33333333-3333-3333-3333-333333333333', 'Ladybugs (6 month-24 months)', 'infant', 16, 11),
  ('c3333333-0001-0001-0001-000000000002', '33333333-3333-3333-3333-333333333333', 'Grasshopper (2 yr)', 'twos', 20, 16),
  ('c3333333-0001-0001-0001-000000000003', '33333333-3333-3333-3333-333333333333', 'Butterflies (3 yr)', 'threes', 16, 12),
  ('c3333333-0001-0001-0001-000000000004', '33333333-3333-3333-3333-333333333333', 'Dragonflies (4-5 yr)', 'pre_k', 16, 10);

-- ============================================
-- STEP 4: INSERT TEACHERS
-- ============================================

-- Peter Pan Mariner Square teachers (17)
INSERT INTO teachers (id, school_id, first_name, last_name, email, role, classroom_title, regular_shift_start, regular_shift_end, lunch_break_start, lunch_break_end, qualifications, degrees, years_experience, hire_date, status, pto_balance_vacation, pto_balance_sick, pto_balance_personal) VALUES
  ('t1111111-0001-0001-0001-000000000001', '11111111-1111-1111-1111-111111111111', 'Julie', 'DeMauri', 'julie.demauri@peterpan.edu', 'director', 'Whole School', '08:30', '17:30', '14:30', '15:30', 'Infant & Preschool Director Qualified', 'AA', 40, '1985-01-01', 'active', 80, 40, 16),
  ('t1111111-0001-0001-0001-000000000002', '11111111-1111-1111-1111-111111111111', 'Shannon', 'Atthowe', 'shannon.atthowe@peterpan.edu', 'assistant_director', 'Whole School', '07:30', '17:00', '12:00', '13:30', 'Infant & Preschool Director Qualified', 'BA', 6, '2019-01-01', 'active', 80, 40, 16),
  ('t1111111-0001-0001-0001-000000000003', '11111111-1111-1111-1111-111111111111', 'Pat', 'Adkins', 'pat.adkins@peterpan.edu', 'lead_teacher', 'Upstairs Infant', '08:30', '17:30', '13:30', '14:30', 'Infant & Preschool Teacher Qualified', NULL, 35, '1990-01-01', 'active', 80, 40, 16),
  ('t1111111-0001-0001-0001-000000000004', '11111111-1111-1111-1111-111111111111', 'Isabel', 'Kasaab', 'isabel.kasaab@peterpan.edu', 'assistant', 'Upstairs Infant', '08:30', '12:30', NULL, NULL, 'No Units/Aide', NULL, 3, '2022-01-01', 'active', 80, 40, 16),
  ('t1111111-0001-0001-0001-000000000005', '11111111-1111-1111-1111-111111111111', 'Macekshia', 'Stevenson', 'macekshia.stevenson@peterpan.edu', 'assistant', 'Upstairs Infant', '13:30', '17:30', NULL, NULL, 'No Units/Aide', NULL, 2, '2023-01-01', 'active', 80, 40, 16),
  ('t1111111-0001-0001-0001-000000000006', '11111111-1111-1111-1111-111111111111', 'Shelly', 'Ortiz', 'shelly.ortiz@peterpan.edu', 'assistant', 'Downstairs Infant', '07:30', '17:00', '12:00', '13:30', 'Partially Qualified Preschool (9 Units)', NULL, 20, '2005-01-01', 'active', 80, 40, 16),
  ('t1111111-0001-0001-0001-000000000007', '11111111-1111-1111-1111-111111111111', 'Sally', 'Du', 'sally.du@peterpan.edu', 'teacher', 'Downstairs Infant', '08:30', '17:30', '12:00', '13:00', 'Infant & Preschool Teacher Qualified', NULL, 10, '2015-01-01', 'active', 80, 40, 16),
  ('t1111111-0001-0001-0001-000000000008', '11111111-1111-1111-1111-111111111111', 'Sherry', 'Chan', 'sherry.chan@peterpan.edu', 'teacher', 'Downstairs Infant', '08:30', '17:30', '12:00', '13:00', 'Infant & Preschool Teacher Qualified', NULL, 10, '2015-01-01', 'active', 80, 40, 16),
  ('t1111111-0001-0001-0001-000000000009', '11111111-1111-1111-1111-111111111111', 'Maricon', 'Alcontin', 'maricon.alcontin@peterpan.edu', 'assistant', 'Tigers 2s', '08:30', '17:30', '13:00', '14:00', 'Partially Qualified Preschool (9 Units)', NULL, 10, '2015-01-01', 'active', 80, 40, 16),
  ('t1111111-0001-0001-0001-000000000010', '11111111-1111-1111-1111-111111111111', 'Corazon', 'Velasquez', 'corazon.velasquez@peterpan.edu', 'teacher', 'Tigers 2s', '08:00', '17:00', '12:00', '13:00', 'Qualified Preschool Teacher', NULL, 20, '2005-01-01', 'active', 80, 40, 16),
  ('t1111111-0001-0001-0001-000000000011', '11111111-1111-1111-1111-111111111111', 'Muoi', 'Tran', 'muoi.tran@peterpan.edu', 'assistant', 'Tigers 2s', '08:00', '17:00', '12:30', '13:30', 'No Units/Aide', NULL, 15, '2010-01-01', 'active', 80, 40, 16),
  ('t1111111-0001-0001-0001-000000000012', '11111111-1111-1111-1111-111111111111', 'Angel', 'Lewis', 'angel.lewis@peterpan.edu', 'lead_teacher', 'Ponies 3s', '08:15', '17:15', '13:00', '14:00', 'Qualified Preschool Teacher', NULL, 20, '2005-01-01', 'active', 80, 40, 16),
  ('t1111111-0001-0001-0001-000000000013', '11111111-1111-1111-1111-111111111111', 'Shriley', 'Liu', 'shriley.liu@peterpan.edu', 'teacher', 'Ponies 3s', '07:30', '17:00', '12:00', '13:00', 'Infant & Preschool Teacher Qualified', NULL, 20, '2005-01-01', 'active', 80, 40, 16),
  ('t1111111-0001-0001-0001-000000000014', '11111111-1111-1111-1111-111111111111', 'Christina', 'Sagun', 'christina.sagun@peterpan.edu', 'lead_teacher', 'Pre-K 4-5', '08:30', '17:30', '13:30', '14:30', 'Infant & Preschool Director Qualified', 'BA', 10, '2015-01-01', 'active', 80, 40, 16),
  ('t1111111-0001-0001-0001-000000000015', '11111111-1111-1111-1111-111111111111', 'Kevin', 'Dupre', 'kevin.dupre@peterpan.edu', 'teacher', 'Pre-K 4-5', '08:00', '17:00', '12:30', '13:30', 'Qualified Preschool Teacher', NULL, 30, '1995-01-01', 'active', 80, 40, 16),
  ('t1111111-0001-0001-0001-000000000016', '11111111-1111-1111-1111-111111111111', 'Jules', 'Leung', 'jules.leung@peterpan.edu', 'teacher', 'Pre-K 4-5', '08:15', '17:15', '13:30', '14:30', 'Infant & Preschool Teacher Qualified', 'BA', 3, '2022-01-01', 'active', 80, 40, 16),
  ('t1111111-0001-0001-0001-000000000017', '33333333-3333-3333-3333-333333333333', 'Aura', 'Batres', 'aura.batres@peterpan.edu', 'teacher', NULL, '10:00', '17:00', '13:30', '14:30', 'Infant & Preschool Teacher Qualified', NULL, 20, '2005-01-01', 'active', 80, 40, 16);

-- Little Seeds Children's Center teachers (8)
INSERT INTO teachers (id, school_id, first_name, last_name, email, role, classroom_title, regular_shift_start, regular_shift_end, lunch_break_start, lunch_break_end, qualifications, degrees, years_experience, hire_date, status, pto_balance_vacation, pto_balance_sick, pto_balance_personal) VALUES
  ('t2222222-0001-0001-0001-000000000001', '22222222-2222-2222-2222-222222222222', 'Sarah', 'Hallford', 'sarah.hallford@littleseeds.edu', 'director', 'anywhere', '08:30', '17:30', NULL, NULL, 'Infant & Preschool Director Qualified', 'AA', 20, '2005-01-01', 'active', 80, 40, 16),
  ('t2222222-0001-0001-0001-000000000002', '22222222-2222-2222-2222-222222222222', 'Judi', 'Thach', 'judi.thach@littleseeds.edu', 'lead_teacher', 'Squirrels', '08:00', '17:00', '12:00', '13:00', 'Infant & Preschool Teacher Qualified', NULL, 15, '2010-01-01', 'active', 80, 40, 16),
  ('t2222222-0001-0001-0001-000000000003', '22222222-2222-2222-2222-222222222222', 'Tam', 'Tran', 'tam.tran@littleseeds.edu', 'floater', 'anywhere', '07:45', '17:30', '13:00', '14:00', 'Partially Qualified Preschool (9 Units)', NULL, 15, '2010-01-01', 'active', 80, 40, 16),
  ('t2222222-0001-0001-0001-000000000004', '22222222-2222-2222-2222-222222222222', 'Kristy', 'Meli', 'kristy.meli@littleseeds.edu', 'teacher', 'Bunnies 2s', '07:30', '17:00', '13:00', '14:30', 'Infant & Preschool Teacher Qualified', NULL, 20, '2005-01-01', 'active', 80, 40, 16),
  ('t2222222-0001-0001-0001-000000000005', '22222222-2222-2222-2222-222222222222', 'Quyen', 'Duong', 'quyen.duong@littleseeds.edu', 'assistant', 'Bunnies 2s', '08:15', '17:15', '12:00', '13:00', 'Partially Qualified Preschool (9 Units)', NULL, 20, '2005-01-01', 'active', 80, 40, 16),
  ('t2222222-0001-0001-0001-000000000006', '22222222-2222-2222-2222-222222222222', 'Sonia', 'Hernandez', 'sonia.hernandez@littleseeds.edu', 'teacher', 'Chipmunks 3s', '08:30', '17:30', '12:00', '13:00', 'Preschool Director Qualified', NULL, 20, '2005-01-01', 'active', 80, 40, 16),
  ('t2222222-0001-0001-0001-000000000007', '22222222-2222-2222-2222-222222222222', 'Mona', 'Watson', 'mona.watson@littleseeds.edu', 'teacher', 'Bears 4-5', '07:30', '17:00', '13:00', '14:30', 'Infant & Preschool Director Qualified', NULL, 30, '1995-01-01', 'active', 80, 40, 16),
  ('t2222222-0001-0001-0001-000000000008', '22222222-2222-2222-2222-222222222222', 'Tiffany', 'Louie', 'tiffany.louie@littleseeds.edu', 'floater', 'anywhere', '08:15', '17:15', '13:00', '14:00', 'Qualified Preschool Teacher', NULL, 10, '2015-01-01', 'active', 80, 40, 16);

-- Peter Pan Harbor Bay teachers (9)
INSERT INTO teachers (id, school_id, first_name, last_name, email, role, classroom_title, regular_shift_start, regular_shift_end, lunch_break_start, lunch_break_end, qualifications, degrees, years_experience, hire_date, status, pto_balance_vacation, pto_balance_sick, pto_balance_personal) VALUES
  ('t3333333-0001-0001-0001-000000000001', '33333333-3333-3333-3333-333333333333', 'Theresa', 'Clement', 'theresa.clement@peterpan.edu', 'director', 'Whole School', '08:30', '17:30', '13:30', '14:30', 'Infant & Preschool Director Qualified', 'AA', 40, '1985-01-01', 'active', 80, 40, 16),
  ('t3333333-0001-0001-0001-000000000002', '33333333-3333-3333-3333-333333333333', 'Kirsten', 'Cesar', 'kirsten.cesar@peterpan.edu', 'teacher', 'Ladybugs', '08:30', '17:30', '13:30', '14:30', 'Infant & Preschool Teacher Qualified', NULL, 10, '2015-01-01', 'active', 80, 40, 16),
  ('t3333333-0001-0001-0001-000000000003', '33333333-3333-3333-3333-333333333333', 'Thao', 'Ho', 'thao.ho@peterpan.edu', 'teacher', 'Ladybugs', '07:30', '16:30', '12:00', '13:00', 'Infant & Preschool Teacher Qualified', NULL, 10, '2015-01-01', 'active', 80, 40, 16),
  ('t3333333-0001-0001-0001-000000000004', '33333333-3333-3333-3333-333333333333', 'Melody', 'Chan', 'melody.chan@peterpan.edu', 'assistant', 'Ladybugs', '08:15', '17:15', '12:30', '13:30', 'No Units/Aide', NULL, 3, '2022-01-01', 'active', 80, 40, 16),
  ('t3333333-0001-0001-0001-000000000005', '33333333-3333-3333-3333-333333333333', 'Anotnia', 'Ortiz', 'anotnia.ortiz@peterpan.edu', 'teacher', 'Grasshopper', '07:30', '16:30', '11:30', '12:30', 'Infant & Preschool Teacher Qualified', NULL, 25, '2000-01-01', 'active', 80, 40, 16),
  ('t3333333-0001-0001-0001-000000000006', '33333333-3333-3333-3333-333333333333', 'Vynn', 'Alcontin', 'vynn.alcontin@peterpan.edu', 'teacher', 'Butterflies', '08:30', '17:30', '12:30', '13:30', 'Qualified Preschool Teacher', NULL, 15, '2010-01-01', 'active', 80, 40, 16),
  ('t3333333-0001-0001-0001-000000000007', '33333333-3333-3333-3333-333333333333', 'Lois', 'Steenhard', 'lois.steenhard@peterpan.edu', 'teacher', 'Dragonflies', '08:15', '17:15', '12:30', '13:30', 'Infant & Preschool Teacher Qualified', 'BA', 40, '1985-01-01', 'active', 80, 40, 16),
  ('t3333333-0001-0001-0001-000000000008', '33333333-3333-3333-3333-333333333333', 'Jennie', 'Mendoza', 'jennie.mendoza@peterpan.edu', 'teacher', 'Dragonflies', '08:30', '17:30', '13:30', '14:30', 'Infant & Preschool Director Qualified', NULL, 40, '1985-01-01', 'active', 80, 40, 16);

-- ============================================
-- STEP 5: INSERT STUDENTS
-- ============================================

-- Helper function to parse age from name like "Adrian Chi-Nguyen (11 Months)" or "Beckett Casey (4y 6m)"
-- We'll just insert DOB calculated from the age string

-- PETER PAN MARINER SQUARE STUDENTS (81 total)

-- Caterpillars (Upstairs Infant) - 7 students (youngest infants from Infants list)
INSERT INTO students (school_id, classroom_id, first_name, last_name, date_of_birth, guardian_name, guardian_phone, status, enrollment_date, nap_start, nap_end) VALUES
  ('11111111-1111-1111-1111-111111111111', 'c1111111-0001-0001-0001-000000000001', 'Aman', 'Workneh', '2025-07-25', 'Parent Workneh', '510-555-0101', 'enrolled', '2026-01-16', '12:00', '14:30'),
  ('11111111-1111-1111-1111-111111111111', 'c1111111-0001-0001-0001-000000000001', 'Carly', 'Holyoake', '2025-05-25', 'Parent Holyoake', '510-555-0102', 'enrolled', '2025-11-01', '12:00', '14:30'),
  ('11111111-1111-1111-1111-111111111111', 'c1111111-0001-0001-0001-000000000001', 'Ezra', 'Buffaloe', '2025-05-25', 'Parent Buffaloe', '510-555-0103', 'enrolled', '2025-10-01', '12:00', '14:30'),
  ('11111111-1111-1111-1111-111111111111', 'c1111111-0001-0001-0001-000000000001', 'Naomi', 'Clay', '2025-05-25', 'Parent Clay', '510-555-0104', 'enrolled', '2026-01-01', '12:00', '14:30'),
  ('11111111-1111-1111-1111-111111111111', 'c1111111-0001-0001-0001-000000000001', 'Adrian', 'Chi-Nguyen', '2025-02-25', 'Parent Chi-Nguyen', '510-555-0105', 'enrolled', '2025-06-01', '12:00', '14:30'),
  ('11111111-1111-1111-1111-111111111111', 'c1111111-0001-0001-0001-000000000001', 'Jasper', 'Shelby', '2024-11-25', 'Parent Shelby', '510-555-0106', 'enrolled', '2025-06-01', '12:00', '14:30'),
  ('11111111-1111-1111-1111-111111111111', 'c1111111-0001-0001-0001-000000000001', 'Levi', 'Porada', '2024-12-25', 'Parent Porada', '510-555-0107', 'enrolled', '2025-06-01', '12:00', '14:30');

-- Tadpoles (Downstairs Infant) - 13 students (older infants/young toddlers)
INSERT INTO students (school_id, classroom_id, first_name, last_name, date_of_birth, guardian_name, guardian_phone, status, enrollment_date, nap_start, nap_end) VALUES
  ('11111111-1111-1111-1111-111111111111', 'c1111111-0001-0001-0001-000000000002', 'Aidan', 'Walroth', '2024-10-25', 'Parent Walroth', '510-555-0108', 'enrolled', '2025-11-01', '12:00', '14:30'),
  ('11111111-1111-1111-1111-111111111111', 'c1111111-0001-0001-0001-000000000002', 'Aliya', 'Grier', '2024-10-25', 'Parent Grier', '510-555-0109', 'enrolled', '2025-11-01', '12:00', '14:30'),
  ('11111111-1111-1111-1111-111111111111', 'c1111111-0001-0001-0001-000000000002', 'Levi', 'Kress', '2024-09-25', 'Parent Kress', '510-555-0110', 'enrolled', '2025-09-16', '12:00', '14:30'),
  ('11111111-1111-1111-1111-111111111111', 'c1111111-0001-0001-0001-000000000002', 'Maddox', 'Kang', '2024-08-25', 'Parent Kang', '510-555-0111', 'enrolled', '2025-09-16', '12:00', '14:30'),
  ('11111111-1111-1111-1111-111111111111', 'c1111111-0001-0001-0001-000000000002', 'Quinn', 'Peterson', '2024-09-25', 'Parent Peterson', '510-555-0112', 'enrolled', '2025-10-01', '12:00', '14:30'),
  ('11111111-1111-1111-1111-111111111111', 'c1111111-0001-0001-0001-000000000002', 'Avery', 'Anderson', '2024-07-25', 'Parent Anderson', '510-555-0113', 'enrolled', '2025-08-01', '12:00', '14:30'),
  ('11111111-1111-1111-1111-111111111111', 'c1111111-0001-0001-0001-000000000002', 'Avery', 'Salas', '2024-06-25', 'Parent Salas', '510-555-0114', 'enrolled', '2025-07-01', '12:00', '14:30'),
  ('11111111-1111-1111-1111-111111111111', 'c1111111-0001-0001-0001-000000000002', 'Rowan', 'Trujillo', '2024-05-25', 'Parent Trujillo', '510-555-0115', 'enrolled', '2026-01-01', '12:00', '14:30'),
  ('11111111-1111-1111-1111-111111111111', 'c1111111-0001-0001-0001-000000000002', 'Judah', 'Wetterholm', '2024-05-25', 'Parent Wetterholm', '510-555-0116', 'enrolled', '2025-07-01', '12:00', '14:30'),
  ('11111111-1111-1111-1111-111111111111', 'c1111111-0001-0001-0001-000000000002', 'Benjamin', 'Perry', '2024-04-25', 'Parent Perry', '510-555-0117', 'enrolled', '2025-04-01', '12:00', '14:30'),
  ('11111111-1111-1111-1111-111111111111', 'c1111111-0001-0001-0001-000000000002', 'Aidan', 'Tsang', '2024-02-25', 'Parent Tsang', '510-555-0118', 'enrolled', '2025-04-01', '12:00', '14:30'),
  ('11111111-1111-1111-1111-111111111111', 'c1111111-0001-0001-0001-000000000002', 'Felix', 'Cziva', '2024-04-25', 'Parent Cziva', '510-555-0119', 'enrolled', '2025-08-01', '12:00', '14:30'),
  ('11111111-1111-1111-1111-111111111111', 'c1111111-0001-0001-0001-000000000002', 'Hayes', 'Conroy', '2024-08-25', 'Parent Conroy', '510-555-0120', 'enrolled', '2025-09-01', '12:00', '14:30');

-- Tigers (2 yr) - 19 students
INSERT INTO students (school_id, classroom_id, first_name, last_name, date_of_birth, guardian_name, guardian_phone, status, enrollment_date, nap_start, nap_end) VALUES
  ('11111111-1111-1111-1111-111111111111', 'c1111111-0001-0001-0001-000000000003', 'Akeem', 'Whitson', '2024-03-25', 'Parent Whitson', '510-555-0121', 'enrolled', '2025-03-01', '12:00', '14:30'),
  ('11111111-1111-1111-1111-111111111111', 'c1111111-0001-0001-0001-000000000003', 'Sophia', 'Acosta', '2024-04-25', 'Parent Acosta', '510-555-0122', 'enrolled', '2025-06-01', '12:00', '14:30'),
  ('11111111-1111-1111-1111-111111111111', 'c1111111-0001-0001-0001-000000000003', 'Wilder', 'Enthoven', '2024-02-25', 'Parent Enthoven', '510-555-0123', 'enrolled', '2025-02-01', '12:00', '14:30'),
  ('11111111-1111-1111-1111-111111111111', 'c1111111-0001-0001-0001-000000000003', 'Eloise', 'Clayton', '2024-06-25', 'Parent Clayton', '510-555-0124', 'enrolled', '2025-07-01', '12:00', '14:30'),
  ('11111111-1111-1111-1111-111111111111', 'c1111111-0001-0001-0001-000000000003', 'Hannah', 'Hwu', '2024-06-25', 'Parent Hwu', '510-555-0125', 'enrolled', '2025-08-01', '12:00', '14:30'),
  ('11111111-1111-1111-1111-111111111111', 'c1111111-0001-0001-0001-000000000003', 'Harper', 'Torres', '2024-01-25', 'Parent Torres', '510-555-0126', 'enrolled', '2025-03-01', '12:00', '14:30'),
  ('11111111-1111-1111-1111-111111111111', 'c1111111-0001-0001-0001-000000000003', 'Amir', 'Johnson', '2023-10-25', 'Parent Johnson', '510-555-0127', 'enrolled', '2024-11-04', '12:00', '14:30'),
  ('11111111-1111-1111-1111-111111111111', 'c1111111-0001-0001-0001-000000000003', 'Austin', 'Driskill', '2023-09-25', 'Parent Driskill', '510-555-0128', 'enrolled', '2024-11-04', '12:00', '14:30'),
  ('11111111-1111-1111-1111-111111111111', 'c1111111-0001-0001-0001-000000000003', 'Desmond', 'Ontiveros', '2023-09-25', 'Parent Ontiveros', '510-555-0129', 'enrolled', '2024-11-04', '12:00', '14:30'),
  ('11111111-1111-1111-1111-111111111111', 'c1111111-0001-0001-0001-000000000003', 'Bodie', 'Gracey', '2023-10-25', 'Parent Gracey', '510-555-0130', 'enrolled', '2025-07-01', '12:00', '14:30'),
  ('11111111-1111-1111-1111-111111111111', 'c1111111-0001-0001-0001-000000000003', 'Katie', 'Lucas', '2023-07-25', 'Parent Lucas', '510-555-0131', 'enrolled', '2024-08-05', '12:00', '14:30'),
  ('11111111-1111-1111-1111-111111111111', 'c1111111-0001-0001-0001-000000000003', 'Naomi', 'Yiangou', '2023-06-25', 'Parent Yiangou', '510-555-0132', 'enrolled', '2024-08-06', '12:00', '14:30'),
  ('11111111-1111-1111-1111-111111111111', 'c1111111-0001-0001-0001-000000000003', 'Noel', 'Tockey', '2023-07-25', 'Parent Tockey', '510-555-0133', 'enrolled', '2024-09-01', '12:00', '14:30'),
  ('11111111-1111-1111-1111-111111111111', 'c1111111-0001-0001-0001-000000000003', 'Zoey', 'Lucas', '2023-07-25', 'Parent Lucas2', '510-555-0134', 'enrolled', '2024-08-05', '12:00', '14:30'),
  ('11111111-1111-1111-1111-111111111111', 'c1111111-0001-0001-0001-000000000003', 'Dillon', 'Salas', '2022-09-25', 'Parent Salas2', '510-555-0135', 'enrolled', '2024-08-06', '12:00', '14:30'),
  ('11111111-1111-1111-1111-111111111111', 'c1111111-0001-0001-0001-000000000003', 'Isaac', 'Morrison', '2022-12-25', 'Parent Morrison', '510-555-0136', 'enrolled', '2024-08-08', '12:00', '14:30'),
  ('11111111-1111-1111-1111-111111111111', 'c1111111-0001-0001-0001-000000000003', 'Oliver', 'Penfold', '2022-12-25', 'Parent Penfold', '510-555-0137', 'enrolled', '2025-01-02', '12:00', '14:30'),
  ('11111111-1111-1111-1111-111111111111', 'c1111111-0001-0001-0001-000000000003', 'Kayden', 'Cardana', '2024-02-25', 'Parent Cardana', '510-555-0138', 'enrolled', '2025-09-01', '12:00', '14:30'),
  ('11111111-1111-1111-1111-111111111111', 'c1111111-0001-0001-0001-000000000003', 'Lydia', 'Lewis', '2024-03-25', 'Parent Lewis', '510-555-0139', 'enrolled', '2025-08-01', '12:00', '14:30');

-- Ponies (3yr) - 16 students
INSERT INTO students (school_id, classroom_id, first_name, last_name, date_of_birth, guardian_name, guardian_phone, status, enrollment_date, nap_start, nap_end) VALUES
  ('11111111-1111-1111-1111-111111111111', 'c1111111-0001-0001-0001-000000000004', 'Emerson', 'Tamir', '2024-01-25', 'Parent Tamir', '510-555-0140', 'enrolled', '2026-01-01', '12:00', '14:30'),
  ('11111111-1111-1111-1111-111111111111', 'c1111111-0001-0001-0001-000000000004', 'Ezekiel', 'Buffaloe', '2023-06-25', 'Parent Buffaloe2', '510-555-0141', 'enrolled', '2026-01-01', '12:00', '14:30'),
  ('11111111-1111-1111-1111-111111111111', 'c1111111-0001-0001-0001-000000000004', 'Zander', 'Noonan', '2023-07-25', 'Parent Noonan', '510-555-0142', 'enrolled', '2025-09-19', '12:00', '14:30'),
  ('11111111-1111-1111-1111-111111111111', 'c1111111-0001-0001-0001-000000000004', 'Nevan', 'Pardue', '2023-06-25', 'Parent Pardue', '510-555-0143', 'enrolled', '2025-11-01', '12:00', '14:30'),
  ('11111111-1111-1111-1111-111111111111', 'c1111111-0001-0001-0001-000000000004', 'Marco', 'Au', '2023-04-25', 'Parent Au', '510-555-0144', 'enrolled', '2025-11-01', '12:00', '14:30'),
  ('11111111-1111-1111-1111-111111111111', 'c1111111-0001-0001-0001-000000000004', 'Sally', 'Miller', '2023-04-25', 'Parent Miller', '510-555-0145', 'enrolled', '2026-01-01', '12:00', '14:30'),
  ('11111111-1111-1111-1111-111111111111', 'c1111111-0001-0001-0001-000000000004', 'Rory', 'Jacobs', '2023-02-25', 'Parent Jacobs', '510-555-0146', 'enrolled', '2026-01-01', '12:00', '14:30'),
  ('11111111-1111-1111-1111-111111111111', 'c1111111-0001-0001-0001-000000000004', 'Francis', 'Ksiazek', '2023-01-25', 'Parent Ksiazek', '510-555-0147', 'enrolled', '2025-11-01', '12:00', '14:30'),
  ('11111111-1111-1111-1111-111111111111', 'c1111111-0001-0001-0001-000000000004', 'Jack', 'Holyoake', '2022-10-25', 'Parent Holyoake2', '510-555-0148', 'enrolled', '2025-11-01', '12:00', '14:30'),
  ('11111111-1111-1111-1111-111111111111', 'c1111111-0001-0001-0001-000000000004', 'Benjamin', 'Yu', '2022-11-25', 'Parent Yu', '510-555-0149', 'enrolled', '2025-05-01', '12:00', '14:30'),
  ('11111111-1111-1111-1111-111111111111', 'c1111111-0001-0001-0001-000000000004', 'Wes', 'Gildersleeve', '2022-07-25', 'Parent Gildersleeve', '510-555-0150', 'enrolled', '2025-05-01', '12:00', '14:30'),
  ('11111111-1111-1111-1111-111111111111', 'c1111111-0001-0001-0001-000000000004', 'Kai', 'Pagones', '2022-05-25', 'Parent Pagones', '510-555-0151', 'enrolled', '2025-07-01', '12:00', '14:30'),
  ('11111111-1111-1111-1111-111111111111', 'c1111111-0001-0001-0001-000000000004', 'Jack', 'Riddell', '2022-10-25', 'Parent Riddell', '510-555-0152', 'enrolled', '2025-04-01', '12:00', '14:30'),
  ('11111111-1111-1111-1111-111111111111', 'c1111111-0001-0001-0001-000000000004', 'Nolan', 'Dent', '2022-10-25', 'Parent Dent', '510-555-0153', 'enrolled', '2025-01-01', '12:00', '14:30'),
  ('11111111-1111-1111-1111-111111111111', 'c1111111-0001-0001-0001-000000000004', 'Olivia', 'Gracey', '2022-08-25', 'Parent Gracey2', '510-555-0154', 'enrolled', '2025-10-01', '12:00', '14:30'),
  ('11111111-1111-1111-1111-111111111111', 'c1111111-0001-0001-0001-000000000004', 'Ruby', 'Crosby', '2022-06-25', 'Parent Crosby', '510-555-0155', 'enrolled', '2024-11-01', '12:00', '14:30');

-- Soda Pop (4-5 yr) - 26 students
INSERT INTO students (school_id, classroom_id, first_name, last_name, date_of_birth, guardian_name, guardian_phone, status, enrollment_date, nap_start, nap_end) VALUES
  ('11111111-1111-1111-1111-111111111111', 'c1111111-0001-0001-0001-000000000005', 'Otis', 'Shelby', '2022-05-25', 'Parent Shelby2', '510-555-0156', 'enrolled', '2025-08-01', '12:00', '14:30'),
  ('11111111-1111-1111-1111-111111111111', 'c1111111-0001-0001-0001-000000000005', 'Raelyn', 'Luke', '2022-06-25', 'Parent Luke', '510-555-0157', 'enrolled', '2025-11-01', '12:00', '14:30'),
  ('11111111-1111-1111-1111-111111111111', 'c1111111-0001-0001-0001-000000000005', 'Rowan', 'Enthoven', '2021-10-25', 'Parent Enthoven2', '510-555-0158', 'enrolled', '2025-07-01', '12:00', '14:30'),
  ('11111111-1111-1111-1111-111111111111', 'c1111111-0001-0001-0001-000000000005', 'Lio', 'Gulassa', '2022-02-25', 'Parent Gulassa', '510-555-0159', 'enrolled', '2024-08-05', '12:00', '14:30'),
  ('11111111-1111-1111-1111-111111111111', 'c1111111-0001-0001-0001-000000000005', 'Yarrow', 'Ontiveros', '2021-12-25', 'Parent Ontiveros2', '510-555-0160', 'enrolled', '2024-10-01', '12:00', '14:30'),
  ('11111111-1111-1111-1111-111111111111', 'c1111111-0001-0001-0001-000000000005', 'Summer', 'Wong', '2021-12-25', 'Parent Wong', '510-555-0161', 'enrolled', '2025-02-01', '12:00', '14:30'),
  ('11111111-1111-1111-1111-111111111111', 'c1111111-0001-0001-0001-000000000005', 'Siren', 'Slaboski', '2021-11-25', 'Parent Slaboski', '510-555-0162', 'enrolled', '2025-02-01', '12:00', '14:30'),
  ('11111111-1111-1111-1111-111111111111', 'c1111111-0001-0001-0001-000000000005', 'Luca', 'Haro', '2021-05-25', 'Parent Haro', '510-555-0163', 'enrolled', '2025-02-01', '12:00', '14:30'),
  ('11111111-1111-1111-1111-111111111111', 'c1111111-0001-0001-0001-000000000005', 'Grace', 'Gilmore', '2021-10-25', 'Parent Gilmore', '510-555-0164', 'enrolled', '2025-03-01', '12:00', '14:30'),
  ('11111111-1111-1111-1111-111111111111', 'c1111111-0001-0001-0001-000000000005', 'Dawson', 'Christy', '2021-11-25', 'Parent Christy', '510-555-0165', 'enrolled', '2024-10-01', '12:00', '14:30'),
  ('11111111-1111-1111-1111-111111111111', 'c1111111-0001-0001-0001-000000000005', 'Eddie', 'Kim', '2021-11-25', 'Parent Kim', '510-555-0166', 'enrolled', '2024-10-01', '12:00', '14:30'),
  ('11111111-1111-1111-1111-111111111111', 'c1111111-0001-0001-0001-000000000005', 'Aashika', 'Yerramsetty', '2021-12-25', 'Parent Yerramsetty', '510-555-0167', 'enrolled', '2024-10-01', '12:00', '14:30'),
  ('11111111-1111-1111-1111-111111111111', 'c1111111-0001-0001-0001-000000000005', 'JIA', 'DEVLIN', '2021-09-25', 'Parent DEVLIN', '510-555-0168', 'enrolled', '2025-12-01', '12:00', '14:30'),
  ('11111111-1111-1111-1111-111111111111', 'c1111111-0001-0001-0001-000000000005', 'Erik', 'Davidson', '2021-11-25', 'Parent Davidson', '510-555-0169', 'enrolled', '2025-11-01', '12:00', '14:30'),
  ('11111111-1111-1111-1111-111111111111', 'c1111111-0001-0001-0001-000000000005', 'Oskar', 'Konwiak', '2021-12-25', 'Parent Konwiak', '510-555-0170', 'enrolled', '2024-08-05', '12:00', '14:30'),
  ('11111111-1111-1111-1111-111111111111', 'c1111111-0001-0001-0001-000000000005', 'Parker', 'Barnett', '2021-10-25', 'Parent Barnett', '510-555-0171', 'enrolled', '2024-08-05', '12:00', '14:30'),
  ('11111111-1111-1111-1111-111111111111', 'c1111111-0001-0001-0001-000000000005', 'Robert', 'Hall', '2021-05-25', 'Parent Hall', '510-555-0172', 'enrolled', '2024-11-01', '12:00', '14:30'),
  ('11111111-1111-1111-1111-111111111111', 'c1111111-0001-0001-0001-000000000005', 'Maverick', 'Sera', '2021-04-25', 'Parent Sera', '510-555-0173', 'enrolled', '2024-10-01', '12:00', '14:30'),
  ('11111111-1111-1111-1111-111111111111', 'c1111111-0001-0001-0001-000000000005', 'Theo', 'Tamir', '2021-05-25', 'Parent Tamir2', '510-555-0174', 'enrolled', '2024-08-06', '12:00', '14:30'),
  ('11111111-1111-1111-1111-111111111111', 'c1111111-0001-0001-0001-000000000005', 'Theodore', 'Bruun', '2021-05-25', 'Parent Bruun', '510-555-0175', 'enrolled', '2025-08-01', '12:00', '14:30'),
  ('11111111-1111-1111-1111-111111111111', 'c1111111-0001-0001-0001-000000000005', 'Maci', 'Wagenman', '2021-04-25', 'Parent Wagenman', '510-555-0176', 'enrolled', '2024-08-06', '12:00', '14:30'),
  ('11111111-1111-1111-1111-111111111111', 'c1111111-0001-0001-0001-000000000005', 'Karina', 'Rosenzweig', '2021-08-25', 'Parent Rosenzweig', '510-555-0177', 'enrolled', '2024-08-06', '12:00', '14:30'),
  ('11111111-1111-1111-1111-111111111111', 'c1111111-0001-0001-0001-000000000005', 'Elizabeth', 'Sulli', '2021-08-25', 'Parent Sulli', '510-555-0178', 'enrolled', '2024-08-06', '12:00', '14:30'),
  ('11111111-1111-1111-1111-111111111111', 'c1111111-0001-0001-0001-000000000005', 'Vale', 'Miller', '2021-09-25', 'Parent Miller2', '510-555-0179', 'enrolled', '2024-08-06', '12:00', '14:30'),
  ('11111111-1111-1111-1111-111111111111', 'c1111111-0001-0001-0001-000000000005', 'Amelia', 'Sarratore', '2021-07-25', 'Parent Sarratore', '510-555-0180', 'enrolled', '2024-08-06', '12:00', '14:30'),
  ('11111111-1111-1111-1111-111111111111', 'c1111111-0001-0001-0001-000000000005', 'Sierra', 'Hake', '2021-05-25', 'Parent Hake', '510-555-0181', 'enrolled', '2024-08-02', '12:00', '14:30');

-- LITTLE SEEDS CHILDREN'S CENTER STUDENTS (44 total)

-- Squirrels (1-2 yr) - 9 students
INSERT INTO students (school_id, classroom_id, first_name, last_name, date_of_birth, guardian_name, guardian_phone, status, enrollment_date, nap_start, nap_end) VALUES
  ('22222222-2222-2222-2222-222222222222', 'c2222222-0001-0001-0001-000000000001', 'Zoe', 'Caniglia', '2025-01-25', 'Parent Caniglia', '510-555-0201', 'enrolled', '2026-01-01', '12:00', '14:30'),
  ('22222222-2222-2222-2222-222222222222', 'c2222222-0001-0001-0001-000000000001', 'Quinn', 'Dito', '2024-07-25', 'Parent Dito', '510-555-0202', 'enrolled', '2025-05-01', '12:00', '14:30'),
  ('22222222-2222-2222-2222-222222222222', 'c2222222-0001-0001-0001-000000000001', 'Nejla', 'Al-Schawaf', '2024-07-25', 'Parent Al-Schawaf', '510-555-0203', 'enrolled', '2026-01-01', '12:00', '14:30'),
  ('22222222-2222-2222-2222-222222222222', 'c2222222-0001-0001-0001-000000000001', 'Bellamy', 'Rocke-Holmes', '2024-07-25', 'Parent Rocke-Holmes', '510-555-0204', 'enrolled', '2025-08-01', '12:00', '14:30'),
  ('22222222-2222-2222-2222-222222222222', 'c2222222-0001-0001-0001-000000000001', 'Dawn', 'Beckegger', '2024-08-25', 'Parent Beckegger', '510-555-0205', 'enrolled', '2025-08-01', '12:00', '14:30'),
  ('22222222-2222-2222-2222-222222222222', 'c2222222-0001-0001-0001-000000000001', 'Imogen', 'Cheng-Wright', '2024-05-25', 'Parent Cheng-Wright', '510-555-0206', 'enrolled', '2025-07-01', '12:00', '14:30'),
  ('22222222-2222-2222-2222-222222222222', 'c2222222-0001-0001-0001-000000000001', 'Jack', 'Barker', '2024-04-25', 'Parent Barker', '510-555-0207', 'enrolled', '2025-10-01', '12:00', '14:30'),
  ('22222222-2222-2222-2222-222222222222', 'c2222222-0001-0001-0001-000000000001', 'Inara', 'Edwards', '2024-02-25', 'Parent Edwards', '510-555-0208', 'enrolled', '2025-04-16', '12:00', '14:30'),
  ('22222222-2222-2222-2222-222222222222', 'c2222222-0001-0001-0001-000000000001', 'Eloise', 'Patel', '2024-09-25', 'Parent Patel', '510-555-0242', 'enrolled', '2026-01-15', '12:00', '14:30');

-- Bunnies (2yr) - 13 students
INSERT INTO students (school_id, classroom_id, first_name, last_name, date_of_birth, guardian_name, guardian_phone, status, enrollment_date, nap_start, nap_end) VALUES
  ('22222222-2222-2222-2222-222222222222', 'c2222222-0001-0001-0001-000000000002', 'French Jr.', 'Clements', '2024-02-25', 'Parent Clements', '510-555-0209', 'enrolled', '2025-04-01', '12:00', '14:30'),
  ('22222222-2222-2222-2222-222222222222', 'c2222222-0001-0001-0001-000000000002', 'Lukas', 'Demakas', '2024-01-25', 'Parent Demakas', '510-555-0210', 'enrolled', '2025-01-14', '12:00', '14:30'),
  ('22222222-2222-2222-2222-222222222222', 'c2222222-0001-0001-0001-000000000002', 'Ivy', 'Sugay-Oda', '2023-05-25', 'Parent Sugay-Oda', '510-555-0211', 'enrolled', '2025-08-01', '12:00', '14:30'),
  ('22222222-2222-2222-2222-222222222222', 'c2222222-0001-0001-0001-000000000002', 'Koa', 'Wong', '2023-05-25', 'Parent Wong', '510-555-0212', 'enrolled', '2025-01-07', '12:00', '14:30'),
  ('22222222-2222-2222-2222-222222222222', 'c2222222-0001-0001-0001-000000000002', 'Orestis', 'Nigam', '2023-05-25', 'Parent Nigam', '510-555-0213', 'enrolled', '2025-01-07', '12:00', '14:30'),
  ('22222222-2222-2222-2222-222222222222', 'c2222222-0001-0001-0001-000000000002', 'Adeline', 'Stitt', '2023-04-25', 'Parent Stitt', '510-555-0214', 'enrolled', '2025-01-07', '12:00', '14:30'),
  ('22222222-2222-2222-2222-222222222222', 'c2222222-0001-0001-0001-000000000002', 'Sylvie', 'Schwarz', '2023-06-25', 'Parent Schwarz', '510-555-0215', 'enrolled', '2025-01-07', '12:00', '14:30'),
  ('22222222-2222-2222-2222-222222222222', 'c2222222-0001-0001-0001-000000000002', 'Howard', 'Cohen-Orren', '2022-12-25', 'Parent Cohen-Orren', '510-555-0216', 'enrolled', '2025-01-07', '12:00', '14:30'),
  ('22222222-2222-2222-2222-222222222222', 'c2222222-0001-0001-0001-000000000002', 'Sajid', 'Ben Hammed', '2022-11-25', 'Parent Ben Hammed', '510-555-0217', 'enrolled', '2025-01-07', '12:00', '14:30'),
  ('22222222-2222-2222-2222-222222222222', 'c2222222-0001-0001-0001-000000000002', 'Sofia', 'Winterrowd', '2023-07-25', 'Parent Winterrowd', '510-555-0218', 'enrolled', '2025-11-01', '12:00', '14:30'),
  ('22222222-2222-2222-2222-222222222222', 'c2222222-0001-0001-0001-000000000002', 'Lilian', 'Ho', '2023-06-25', 'Parent Ho', '510-555-0219', 'enrolled', '2025-10-01', '12:00', '14:30'),
  ('22222222-2222-2222-2222-222222222222', 'c2222222-0001-0001-0001-000000000002', 'Clementine', 'Yu', '2023-04-25', 'Parent Yu', '510-555-0220', 'enrolled', '2025-10-01', '12:00', '14:30'),
  ('22222222-2222-2222-2222-222222222222', 'c2222222-0001-0001-0001-000000000002', 'Marina', 'Doty', '2023-04-25', 'Parent Doty', '510-555-0221', 'enrolled', '2025-09-01', '12:00', '14:30');

-- Chipmunks (3yr) - 11 students
INSERT INTO students (school_id, classroom_id, first_name, last_name, date_of_birth, guardian_name, guardian_phone, status, enrollment_date, nap_start, nap_end) VALUES
  ('22222222-2222-2222-2222-222222222222', 'c2222222-0001-0001-0001-000000000003', 'Charlotte', 'Basu', '2023-03-25', 'Parent Basu', '510-555-0222', 'enrolled', '2026-01-01', '12:00', '14:30'),
  ('22222222-2222-2222-2222-222222222222', 'c2222222-0001-0001-0001-000000000003', 'Rex', 'Fong-Rivadeneira', '2022-12-25', 'Parent Fong-Rivadeneira', '510-555-0223', 'enrolled', '2025-07-01', '12:00', '14:30'),
  ('22222222-2222-2222-2222-222222222222', 'c2222222-0001-0001-0001-000000000003', 'Aimee', 'Caniglia', '2022-09-25', 'Parent Caniglia2', '510-555-0224', 'enrolled', '2025-11-01', '12:00', '14:30'),
  ('22222222-2222-2222-2222-222222222222', 'c2222222-0001-0001-0001-000000000003', 'Phoebe', 'Binder', '2022-08-25', 'Parent Binder', '510-555-0225', 'enrolled', '2025-12-01', '12:00', '14:30'),
  ('22222222-2222-2222-2222-222222222222', 'c2222222-0001-0001-0001-000000000003', 'Owen', 'Yuzuriha', '2022-05-25', 'Parent Yuzuriha', '510-555-0226', 'enrolled', '2025-12-01', '12:00', '14:30'),
  ('22222222-2222-2222-2222-222222222222', 'c2222222-0001-0001-0001-000000000003', 'Savannah', 'Jackson', '2022-05-25', 'Parent Jackson', '510-555-0227', 'enrolled', '2025-12-01', '12:00', '14:30'),
  ('22222222-2222-2222-2222-222222222222', 'c2222222-0001-0001-0001-000000000003', 'Sam', 'Toldi-Vo', '2022-05-25', 'Parent Toldi-Vo', '510-555-0228', 'enrolled', '2025-01-01', '12:00', '14:30'),
  ('22222222-2222-2222-2222-222222222222', 'c2222222-0001-0001-0001-000000000003', 'Leo', 'Sontag', '2022-03-25', 'Parent Sontag', '510-555-0229', 'enrolled', '2025-01-01', '12:00', '14:30'),
  ('22222222-2222-2222-2222-222222222222', 'c2222222-0001-0001-0001-000000000003', 'Everly', 'Apavatjrut', '2022-09-25', 'Parent Apavatjrut', '510-555-0230', 'enrolled', '2025-09-01', '12:00', '14:30'),
  ('22222222-2222-2222-2222-222222222222', 'c2222222-0001-0001-0001-000000000003', 'Arissa', 'Duey', '2022-06-25', 'Parent Duey', '510-555-0231', 'enrolled', '2026-01-01', '12:00', '14:30'),
  ('22222222-2222-2222-2222-222222222222', 'c2222222-0001-0001-0001-000000000003', 'Maya', 'Sinclair', '2022-07-25', 'Parent Sinclair', '510-555-0243', 'enrolled', '2026-02-01', '12:00', '14:30');

-- Bears (4-5 yr) - 11 students
INSERT INTO students (school_id, classroom_id, first_name, last_name, date_of_birth, guardian_name, guardian_phone, status, enrollment_date, nap_start, nap_end) VALUES
  ('22222222-2222-2222-2222-222222222222', 'c2222222-0001-0001-0001-000000000004', 'Cadence', 'Massara', '2022-02-25', 'Parent Massara', '510-555-0232', 'enrolled', '2025-01-02', '12:00', '14:30'),
  ('22222222-2222-2222-2222-222222222222', 'c2222222-0001-0001-0001-000000000004', 'Zoey', 'Sychrava', '2022-02-25', 'Parent Sychrava', '510-555-0233', 'enrolled', '2025-05-01', '12:00', '14:30'),
  ('22222222-2222-2222-2222-222222222222', 'c2222222-0001-0001-0001-000000000004', 'Hazel', 'Clark', '2022-02-25', 'Parent Clark', '510-555-0234', 'enrolled', '2025-09-01', '12:00', '14:30'),
  ('22222222-2222-2222-2222-222222222222', 'c2222222-0001-0001-0001-000000000004', 'Miya', 'Pigue', '2022-02-25', 'Parent Pigue', '510-555-0235', 'enrolled', '2024-10-01', '12:00', '14:30'),
  ('22222222-2222-2222-2222-222222222222', 'c2222222-0001-0001-0001-000000000004', 'Paige', 'Dito', '2021-11-25', 'Parent Dito2', '510-555-0236', 'enrolled', '2024-09-01', '12:00', '14:30'),
  ('22222222-2222-2222-2222-222222222222', 'c2222222-0001-0001-0001-000000000004', 'Palmer', 'Cook-Herbert', '2022-05-25', 'Parent Cook-Herbert', '510-555-0237', 'enrolled', '2025-09-01', '12:00', '14:30'),
  ('22222222-2222-2222-2222-222222222222', 'c2222222-0001-0001-0001-000000000004', 'Nathan', 'Ortega', '2021-11-25', 'Parent Ortega', '510-555-0238', 'enrolled', '2025-11-01', '12:00', '14:30'),
  ('22222222-2222-2222-2222-222222222222', 'c2222222-0001-0001-0001-000000000004', 'Kiran', 'Thomas', '2021-09-25', 'Parent Thomas', '510-555-0239', 'enrolled', '2024-09-01', '12:00', '14:30'),
  ('22222222-2222-2222-2222-222222222222', 'c2222222-0001-0001-0001-000000000004', 'Grayson', 'Bennett', '2021-06-25', 'Parent Bennett', '510-555-0240', 'enrolled', '2023-06-16', '12:00', '14:30'),
  ('22222222-2222-2222-2222-222222222222', 'c2222222-0001-0001-0001-000000000004', 'Beckett', 'Casey', '2021-07-25', 'Parent Casey', '510-555-0241', 'enrolled', '2025-01-01', '12:00', '14:30'),
  ('22222222-2222-2222-2222-222222222222', 'c2222222-0001-0001-0001-000000000004', 'Leo', 'Ramirez', '2021-08-25', 'Parent Ramirez', '510-555-0244', 'enrolled', '2026-01-15', '12:00', '14:30');

-- PETER PAN HARBOR BAY STUDENTS (51 total)

-- Ladybugs (6 month-24 months) - 11 students
INSERT INTO students (school_id, classroom_id, first_name, last_name, date_of_birth, guardian_name, guardian_phone, status, enrollment_date, nap_start, nap_end) VALUES
  ('33333333-3333-3333-3333-333333333333', 'c3333333-0001-0001-0001-000000000001', 'Canon', 'Yung', '2025-05-25', 'Parent Yung', '510-555-0301', 'enrolled', '2025-12-01', '12:00', '14:30'),
  ('33333333-3333-3333-3333-333333333333', 'c3333333-0001-0001-0001-000000000001', 'Isabela', 'Cornejo', '2025-05-25', 'Parent Cornejo', '510-555-0302', 'enrolled', '2026-01-01', '12:00', '14:30'),
  ('33333333-3333-3333-3333-333333333333', 'c3333333-0001-0001-0001-000000000001', 'Hannah', 'Qayumi', '2024-07-25', 'Parent Qayumi', '510-555-0303', 'enrolled', '2025-05-01', '12:00', '14:30'),
  ('33333333-3333-3333-3333-333333333333', 'c3333333-0001-0001-0001-000000000001', 'Callan', 'Arnold', '2023-12-25', 'Parent Arnold', '510-555-0304', 'enrolled', '2024-08-02', '12:00', '14:30'),
  ('33333333-3333-3333-3333-333333333333', 'c3333333-0001-0001-0001-000000000001', 'Morgan', 'Richards', '2023-12-25', 'Parent Richards', '510-555-0305', 'enrolled', '2024-10-01', '12:00', '14:30'),
  ('33333333-3333-3333-3333-333333333333', 'c3333333-0001-0001-0001-000000000001', 'Walker', 'Kane', '2023-12-25', 'Parent Kane', '510-555-0306', 'enrolled', '2024-09-01', '12:00', '14:30'),
  ('33333333-3333-3333-3333-333333333333', 'c3333333-0001-0001-0001-000000000001', 'Jason', 'Chan', '2024-10-25', 'Parent Chan', '510-555-0307', 'enrolled', '2026-01-01', '12:00', '14:30'),
  ('33333333-3333-3333-3333-333333333333', 'c3333333-0001-0001-0001-000000000001', 'Hayes', 'Conroy', '2024-08-25', 'Parent Conroy2', '510-555-0308', 'enrolled', '2025-09-01', '12:00', '14:30'),
  ('33333333-3333-3333-3333-333333333333', 'c3333333-0001-0001-0001-000000000001', 'Chloe', 'Hu', '2024-03-25', 'Parent Hu', '510-555-0309', 'enrolled', '2025-04-01', '12:00', '14:30'),
  ('33333333-3333-3333-3333-333333333333', 'c3333333-0001-0001-0001-000000000001', 'Hannah', 'Chia', '2024-02-25', 'Parent Chia', '510-555-0310', 'enrolled', '2025-04-01', '12:00', '14:30'),
  ('33333333-3333-3333-3333-333333333333', 'c3333333-0001-0001-0001-000000000001', 'Felix', 'Cziva', '2024-04-25', 'Parent Cziva2', '510-555-0311', 'enrolled', '2025-08-01', '12:00', '14:30');

-- Grasshopper (2 yr) - 16 students
INSERT INTO students (school_id, classroom_id, first_name, last_name, date_of_birth, guardian_name, guardian_phone, status, enrollment_date, nap_start, nap_end) VALUES
  ('33333333-3333-3333-3333-333333333333', 'c3333333-0001-0001-0001-000000000002', 'Judah', 'Wetterholm', '2024-05-25', 'Parent Wetterholm2', '510-555-0312', 'enrolled', '2025-07-01', '12:00', '14:30'),
  ('33333333-3333-3333-3333-333333333333', 'c3333333-0001-0001-0001-000000000002', 'Kayden', 'Cardana', '2024-02-25', 'Parent Cardana2', '510-555-0313', 'enrolled', '2025-09-01', '12:00', '14:30'),
  ('33333333-3333-3333-3333-333333333333', 'c3333333-0001-0001-0001-000000000002', 'Lydia', 'Lewis', '2024-03-25', 'Parent Lewis2', '510-555-0314', 'enrolled', '2025-08-01', '12:00', '14:30'),
  ('33333333-3333-3333-3333-333333333333', 'c3333333-0001-0001-0001-000000000002', 'Ryan', 'Zhang', '2023-06-25', 'Parent Zhang', '510-555-0315', 'enrolled', '2025-07-01', '12:00', '14:30'),
  ('33333333-3333-3333-3333-333333333333', 'c3333333-0001-0001-0001-000000000002', 'Shay', 'Giridharan', '2023-09-25', 'Parent Giridharan', '510-555-0316', 'enrolled', '2024-09-01', '12:00', '14:30'),
  ('33333333-3333-3333-3333-333333333333', 'c3333333-0001-0001-0001-000000000002', 'Noah', 'Rubin', '2023-11-25', 'Parent Rubin', '510-555-0317', 'enrolled', '2025-11-01', '12:00', '14:30'),
  ('33333333-3333-3333-3333-333333333333', 'c3333333-0001-0001-0001-000000000002', 'Hazel', 'Chou', '2023-06-25', 'Parent Chou', '510-555-0318', 'enrolled', '2025-09-01', '12:00', '14:30'),
  ('33333333-3333-3333-3333-333333333333', 'c3333333-0001-0001-0001-000000000002', 'Kashan', 'McCullough', '2023-03-25', 'Parent McCullough', '510-555-0319', 'enrolled', '2025-08-01', '12:00', '14:30'),
  ('33333333-3333-3333-3333-333333333333', 'c3333333-0001-0001-0001-000000000002', 'Lennon', 'Golden', '2023-03-25', 'Parent Golden', '510-555-0320', 'enrolled', '2025-10-01', '12:00', '14:30'),
  ('33333333-3333-3333-3333-333333333333', 'c3333333-0001-0001-0001-000000000002', 'Martin', 'Sinka', '2023-03-25', 'Parent Sinka', '510-555-0321', 'enrolled', '2025-07-01', '12:00', '14:30'),
  ('33333333-3333-3333-3333-333333333333', 'c3333333-0001-0001-0001-000000000002', 'Ryan', 'Kim', '2023-03-25', 'Parent Kim2', '510-555-0322', 'enrolled', '2025-10-01', '12:00', '14:30'),
  ('33333333-3333-3333-3333-333333333333', 'c3333333-0001-0001-0001-000000000002', 'Oliver', 'Myers', '2023-04-25', 'Parent Myers', '510-555-0323', 'enrolled', '2026-01-01', '12:00', '14:30'),
  ('33333333-3333-3333-3333-333333333333', 'c3333333-0001-0001-0001-000000000002', 'Jason', 'Karaman', '2022-10-25', 'Parent Karaman', '510-555-0324', 'enrolled', '2025-10-01', '12:00', '14:30'),
  ('33333333-3333-3333-3333-333333333333', 'c3333333-0001-0001-0001-000000000002', 'Flora', 'LaCour', '2022-07-25', 'Parent LaCour', '510-555-0325', 'enrolled', '2025-09-01', '12:00', '14:30'),
  ('33333333-3333-3333-3333-333333333333', 'c3333333-0001-0001-0001-000000000002', 'Amelia', 'Ying', '2022-07-25', 'Parent Ying', '510-555-0326', 'enrolled', '2026-01-01', '12:00', '14:30'),
  ('33333333-3333-3333-3333-333333333333', 'c3333333-0001-0001-0001-000000000002', 'Nadine', 'Park', '2022-08-25', 'Parent Park', '510-555-0327', 'enrolled', '2025-08-01', '12:00', '14:30');

-- Butterflies (3 yr) - 13 students
INSERT INTO students (school_id, classroom_id, first_name, last_name, date_of_birth, guardian_name, guardian_phone, status, enrollment_date, nap_start, nap_end) VALUES
  ('33333333-3333-3333-3333-333333333333', 'c3333333-0001-0001-0001-000000000003', 'Matthew', 'Yang', '2022-08-25', 'Parent Yang', '510-555-0328', 'enrolled', '2025-04-01', '12:00', '14:30'),
  ('33333333-3333-3333-3333-333333333333', 'c3333333-0001-0001-0001-000000000003', 'Jack', 'Riddell', '2022-10-25', 'Parent Riddell2', '510-555-0329', 'enrolled', '2025-04-01', '12:00', '14:30'),
  ('33333333-3333-3333-3333-333333333333', 'c3333333-0001-0001-0001-000000000003', 'Nolan', 'Dent', '2022-10-25', 'Parent Dent2', '510-555-0330', 'enrolled', '2025-01-01', '12:00', '14:30'),
  ('33333333-3333-3333-3333-333333333333', 'c3333333-0001-0001-0001-000000000003', 'Malakai', 'Yung', '2022-04-25', 'Parent Yung2', '510-555-0331', 'enrolled', '2024-08-05', '12:00', '14:30'),
  ('33333333-3333-3333-3333-333333333333', 'c3333333-0001-0001-0001-000000000003', 'Jack', 'Schnur', '2021-10-25', 'Parent Schnur', '510-555-0332', 'enrolled', '2024-08-05', '12:00', '14:30'),
  ('33333333-3333-3333-3333-333333333333', 'c3333333-0001-0001-0001-000000000003', 'Nicolas', 'Wang', '2022-02-25', 'Parent Wang', '510-555-0333', 'enrolled', '2024-11-01', '12:00', '14:30'),
  ('33333333-3333-3333-3333-333333333333', 'c3333333-0001-0001-0001-000000000003', 'Sophia', 'Sreng', '2022-04-25', 'Parent Sreng', '510-555-0334', 'enrolled', '2024-11-01', '12:00', '14:30'),
  ('33333333-3333-3333-3333-333333333333', 'c3333333-0001-0001-0001-000000000003', 'Roman', 'Tan', '2022-04-25', 'Parent Tan', '510-555-0335', 'enrolled', '2025-01-02', '12:00', '14:30'),
  ('33333333-3333-3333-3333-333333333333', 'c3333333-0001-0001-0001-000000000003', 'Aary', 'Anand', '2022-05-25', 'Parent Anand', '510-555-0336', 'enrolled', '2025-01-01', '12:00', '14:30'),
  ('33333333-3333-3333-3333-333333333333', 'c3333333-0001-0001-0001-000000000003', 'Abigail', 'Chia', '2022-05-25', 'Parent Chia2', '510-555-0337', 'enrolled', '2025-01-01', '12:00', '14:30'),
  ('33333333-3333-3333-3333-333333333333', 'c3333333-0001-0001-0001-000000000003', 'Emmett', 'Mejia', '2021-12-25', 'Parent Mejia', '510-555-0338', 'enrolled', '2025-01-01', '12:00', '14:30'),
  ('33333333-3333-3333-3333-333333333333', 'c3333333-0001-0001-0001-000000000003', 'Brooks', 'Arnold', '2021-08-25', 'Parent Arnold2', '510-555-0339', 'enrolled', '2025-01-01', '12:00', '14:30'),
  ('33333333-3333-3333-3333-333333333333', 'c3333333-0001-0001-0001-000000000003', 'Ethan', 'Nakamura', '2022-03-25', 'Parent Nakamura', '510-555-0350', 'enrolled', '2026-01-20', '12:00', '14:30');

-- Dragonflies (4-5 yr) - 11 students
INSERT INTO students (school_id, classroom_id, first_name, last_name, date_of_birth, guardian_name, guardian_phone, status, enrollment_date, nap_start, nap_end) VALUES
  ('33333333-3333-3333-3333-333333333333', 'c3333333-0001-0001-0001-000000000004', 'Katerina', 'Malkova', '2021-09-25', 'Parent Malkova', '510-555-0340', 'enrolled', '2025-01-01', '12:00', '14:30'),
  ('33333333-3333-3333-3333-333333333333', 'c3333333-0001-0001-0001-000000000004', 'Annabelle', 'Chern', '2021-08-25', 'Parent Chern', '510-555-0341', 'enrolled', '2024-08-01', '12:00', '14:30'),
  ('33333333-3333-3333-3333-333333333333', 'c3333333-0001-0001-0001-000000000004', 'Lane', 'Conroy', '2021-07-25', 'Parent Conroy3', '510-555-0342', 'enrolled', '2024-08-02', '12:00', '14:30'),
  ('33333333-3333-3333-3333-333333333333', 'c3333333-0001-0001-0001-000000000004', 'Cora', 'Kang', '2021-06-25', 'Parent Kang2', '510-555-0343', 'enrolled', '2024-08-05', '12:00', '14:30'),
  ('33333333-3333-3333-3333-333333333333', 'c3333333-0001-0001-0001-000000000004', 'Ellis', 'Roberts', '2021-12-25', 'Parent Roberts', '510-555-0344', 'enrolled', '2025-08-01', '12:00', '14:30'),
  ('33333333-3333-3333-3333-333333333333', 'c3333333-0001-0001-0001-000000000004', 'Marisol', 'Cornejo', '2021-12-25', 'Parent Cornejo2', '510-555-0345', 'enrolled', '2025-09-01', '12:00', '14:30'),
  ('33333333-3333-3333-3333-333333333333', 'c3333333-0001-0001-0001-000000000004', 'Kaylee', 'Ceaser', '2022-01-25', 'Parent Ceaser', '510-555-0346', 'enrolled', '2025-12-01', '12:00', '14:30'),
  ('33333333-3333-3333-3333-333333333333', 'c3333333-0001-0001-0001-000000000004', 'Zoe', 'Kim', '2021-05-25', 'Parent Kim3', '510-555-0347', 'enrolled', '2024-08-02', '12:00', '14:30'),
  ('33333333-3333-3333-3333-333333333333', 'c3333333-0001-0001-0001-000000000004', 'Sofia', 'Schultz', '2021-10-25', 'Parent Schultz', '510-555-0348', 'enrolled', '2025-12-01', '12:00', '14:30'),
  ('33333333-3333-3333-3333-333333333333', 'c3333333-0001-0001-0001-000000000004', 'Kira', 'Scott', '2021-10-25', 'Parent Scott', '510-555-0349', 'enrolled', '2025-08-01', '12:00', '14:30'),
  ('33333333-3333-3333-3333-333333333333', 'c3333333-0001-0001-0001-000000000004', 'Mila', 'Torres', '2021-11-25', 'Parent Torres', '510-555-0351', 'enrolled', '2026-02-01', '12:00', '14:30');

-- ============================================
-- STEP 6: INSERT SETTINGS
-- ============================================

-- Clear and insert settings
DELETE FROM school_settings;

-- Global settings (school_id = NULL)
INSERT INTO school_settings (school_id, setting_key, setting_value, description) VALUES
  (NULL, 'ratio_normal', '{
    "infant": 4,
    "toddler": 4,
    "twos": 12,
    "threes": 12,
    "preschool": 12,
    "pre_k": 12
  }', 'Normal teacher-to-student ratios during awake time (1 teacher per X students)'),
  (NULL, 'ratio_naptime', '{
    "infant": 12,
    "toddler": 12,
    "twos": 24,
    "threes": 24,
    "preschool": 24,
    "pre_k": 24
  }', 'Teacher-to-student ratios during nap time (1 teacher per X students)'),
  (NULL, 'break_settings', '{
    "break_duration_minutes": 10,
    "breaks_per_shift": 2,
    "break1_window": "shift_start_to_lunch",
    "break2_window": "lunch_end_to_shift_end"
  }', 'Settings for teacher breaks'),
  (NULL, 'default_nap_window', '{
    "default_start": "12:00",
    "default_end": "14:30",
    "alternate_start": "12:30",
    "alternate_end": "15:00"
  }', 'Default nap time windows for reference'),
  (NULL, 'school_hours', '{
    "opens_at": "07:30",
    "closes_at": "17:30"
  }', 'Default school operating hours');

-- ============================================
-- STEP 7: VERIFY COUNTS
-- ============================================

DO $$
DECLARE
  school_count INTEGER;
  classroom_count INTEGER;
  teacher_count INTEGER;
  student_count INTEGER;
  settings_count INTEGER;
BEGIN
  SELECT COUNT(*) INTO school_count FROM schools;
  SELECT COUNT(*) INTO classroom_count FROM classrooms;
  SELECT COUNT(*) INTO teacher_count FROM teachers;
  SELECT COUNT(*) INTO student_count FROM students;
  SELECT COUNT(*) INTO settings_count FROM school_settings;

  RAISE NOTICE '============================================';
  RAISE NOTICE 'SEED DATA VERIFICATION';
  RAISE NOTICE '============================================';
  RAISE NOTICE 'Schools: % (expected: 3)', school_count;
  RAISE NOTICE 'Classrooms: % (expected: 13)', classroom_count;
  RAISE NOTICE 'Teachers: % (expected: 34)', teacher_count;
  RAISE NOTICE 'Students: % (expected: 171)', student_count;
  RAISE NOTICE 'Settings: % (expected: 5)', settings_count;
  RAISE NOTICE '============================================';
END $$;
